skill,portfolio_link,projects,description
Python,https://lick.com/portfolio/python,"ML Pipeline System, Data Processing Engine, API Backend","Expert Python development for backend systems, data processing, and machine learning applications"
React,https://lick.com/portfolio/react,"E-commerce Dashboard, Admin Portal, Real-time Analytics UI","Modern React applications with TypeScript, Redux, and responsive design"
Node.js,https://lick.com/portfolio/nodejs,"REST API Platform, Microservices Architecture, Real-time Chat System","Scalable Node.js backend solutions with Express, NestJS, and WebSocket"
AWS,https://lick.com/portfolio/cloud,"Cloud Migration Project, Serverless Architecture, CI/CD Pipeline","AWS cloud infrastructure, Lambda functions, S3, EC2, and DevOps automation"
Machine Learning,https://lick.com/portfolio/ml,"Recommendation System, Predictive Analytics, NLP Chatbot","End-to-end ML solutions using TensorFlow, PyTorch, and scikit-learn"
DevOps,https://lick.com/portfolio/devops,"Kubernetes Deployment, Docker Containerization, Jenkins CI/CD","Complete DevOps solutions with containerization, orchestration, and automation"
PostgreSQL,https://lick.com/portfolio/database,"Database Optimization, Data Warehouse, Analytics Platform","Database design, optimization, and complex query development"
Docker,https://lick.com/portfolio/docker,"Container Orchestration, Microservices Deployment, Development Environments","Docker containerization for development and production environments"
TypeScript,https://lick.com/portfolio/typescript,"Type-safe API, React Components Library, Backend Services","TypeScript development for both frontend and backend applications"
GraphQL,https://lick.com/portfolio/graphql,"API Gateway, Real-time Subscriptions, Schema Design","GraphQL API design and implementation with Apollo Server"
MongoDB,https://lick.com/portfolio/mongodb,"NoSQL Database Design, Real-time Data Processing, Aggregation Pipeline","MongoDB solutions for high-performance data storage and retrieval"
Vue.js,https://lick.com/portfolio/vue,"Admin Dashboard, Progressive Web App, Component Library","Vue.js applications with Vuex state management and modern tooling"
FastAPI,https://lick.com/portfolio/fastapi,"High-performance API, Async Services, Microservices","Modern Python APIs with FastAPI, async support, and automatic documentation"
TensorFlow,https://lick.com/portfolio/tensorflow,"Image Classification, Time Series Prediction, Neural Networks","Deep learning solutions using TensorFlow and Keras"
Kubernetes,https://lick.com/portfolio/k8s,"Container Orchestration, Auto-scaling, Service Mesh","Kubernetes cluster management and cloud-native application deployment"
